[{"id":"e2e52a7f.5f1a48","type":"function","z":"daa40956.70da38","name":"prediction","func":"var token = msg.payload.token\nvar year=global.get('year')\nvar month=global.get('month')\nvar day=global.get('day')\nvar temphigh=global.get('temphigh')\nvar tempavg=global.get('tempavg')\nvar templow=global.get('templow')\nvar DPhigh=global.get('DPhigh')\nvar DPavg=global.get('DPavg')\nvar DPlow=global.get('DPlow')\nvar humidityhigh=global.get('humidityhigh')\nvar humidityavg=global.get('humidityavg')\nvar humiditylow=global.get('humiditylow')\nvar SLPhigh=global.get('SLPhigh')\nvar SLPavg=global.get('SLPavg')\nvar SLPlow=global.get('SLPlow')\nvar visibilityhigh=global.get('visibilityhigh')\nvar visibilityavg=global.get('visibilityavg')\nvar visibilitylow=global.get('visibilitylow')\nvar windhigh=global.get('windhigh')\nvar windavg=global.get('windavg')\nmsg.payload ={\"fields\":[\"year\",\"month\",\"day\",\"temphigh\",\"tempavg\",\"templow\",\"DPhigh\",\"DPavg\",\"DPlow\",\"humidityhigh\",\"humidityavg\",\"humiditylow\",\"SLPhigh\",\"SLPavg\",\"SLPlow\",\"visibilityhigh\",\"visibilityavg\",\"visibilitylow\",\"'windhigh\",\"'windavg\"],values:[[year,month,day,temphigh,tempavg,templow,DPhigh,DPavg,DPlow,humidityhigh,humidityavg,humiditylow,SLPhigh,SLPavg,SLPlow,visibilityhigh,visibilityavg,visibilitylow,windhigh,windavg]]}\nmsg.headers={\"Authorization\":\"Bearer \"+token}\nreturn msg;","outputs":1,"noerr":0,"x":520,"y":440,"wires":[["1b337d79.cf67e3","3fcfafad.e5494"]]}]